	PF04127	PF00392	PF07840	PF01053	PF05861	PF06007	PF06754	PF05845	PF00270	PF00295	PF01124	PF01172	PF01925	PF01951	PF02450	PF04991	PF05239	PF05406	PF07521	PF08223	PF08866	PF09377	PF12678	PF13840	PF01055	PF01687	PF02599	PF02657	PF03006	PF03551	PF04117	PF05257	PF07848	PF12897	PF16657	PF01603	PF01941	PF02463	PF02602	PF03370	PF03390	PF03749	PF03971	PF04358	PF04667	PF04691	PF04711	PF04775	PF05309	PF05778	PF06377	PF06398	PF06446	PF06475	PF06959	PF07464	PF07574	PF07858	PF08335	PF08495	PF09170	PF09472	PF09508	PF09512	PF09984	PF10283	PF10414	PF10442	PF11262	PF11955	PF12513	PF12573	PF12741	PF12873	PF14051	PF14464	PF14721	PF00885	PF01074	PF01791	PF01862	PF02643	PF02645	PF02661	PF03976	PF04043	PF05153	PF05770	PF06153	PF06267	PF06755	PF07501	PF07748	PF08714	PF08882	PF08975	PF09055	PF10590	PF13201	PF13790	PF16116	PF16155	PF16983
05ca4daef824b326eaa28b13be26d659	1	4	0	7	0	0	0	0	14	0	0	0	1	0	0	1	1	0	0	0	0	0	0	1	0	1	0	1	0	1	0	0	0	0	0	0	0	4	1	0	0	0	1	0	0	0	0	0	0	0	0	0	0	0	0	0	0	0	0	1	0	0	0	0	0	0	0	1	0	0	0	0	0	0	0	2	0	1	0	0	0	0	0	3	0	0	0	0	0	0	0	0	0	0	0	0	0	0	0	0	1	0	0
06d0683312ae4f2a2fc7e6354f9d96bb	1	1	0	2	0	0	0	0	7	0	0	0	0	0	0	0	0	0	0	0	0	0	0	0	0	1	0	1	0	0	0	1	0	0	0	0	0	1	1	0	0	0	0	0	0	0	0	0	0	0	0	0	0	0	0	0	0	0	0	0	0	0	0	0	0	0	0	0	0	0	0	0	0	0	0	0	0	1	0	1	1	0	0	1	0	0	0	0	0	0	0	0	0	0	0	0	0	1	1	0	0	0	0
07145f355edaeded238eb530588811c8	1	12	0	8	0	0	0	0	12	0	0	0	1	0	0	0	1	0	2	0	1	0	0	2	1	1	0	0	1	5	0	1	0	0	0	0	0	4	0	0	0	1	0	0	0	0	0	0	0	0	0	0	0	0	0	0	0	0	0	0	0	0	0	0	0	0	0	0	0	0	0	0	0	0	0	0	0	0	1	2	0	0	6	0	0	0	0	0	1	0	0	0	1	0	0	0	0	0	0	0	0	0	0
09427fb54d283700eec2cb3f92d6ead2	1	0	0	1	0	0	0	0	8	0	0	1	0	1	0	0	2	0	2	0	0	1	0	2	0	0	0	0	0	0	0	0	0	1	0	0	1	1	1	0	0	0	0	0	0	0	0	0	0	0	0	0	0	0	0	0	0	0	0	0	0	1	0	0	0	0	0	0	0	0	0	0	0	0	0	1	0	2	0	3	1	0	0	0	0	0	0	0	0	0	0	0	0	3	0	0	0	0	0	0	0	0	0
09504ddbd10a61d41c30ab90cf4add6f	1	14	0	7	0	0	0	0	11	1	0	0	3	0	0	0	2	0	1	0	0	0	0	2	2	1	0	0	0	1	0	0	0	0	1	0	0	3	1	0	0	0	0	0	0	0	0	0	0	0	0	0	0	0	0	0	0	0	0	0	0	0	0	0	0	0	0	0	0	0	0	0	0	0	0	1	0	1	0	2	0	0	0	0	0	0	0	0	1	0	0	1	0	0	0	0	0	0	0	0	0	0	0
0e54f54b9cf17d2742dd997f608ea0f6	1	0	0	9	0	0	0	0	7	0	0	0	3	1	0	0	1	0	2	0	0	0	0	0	0	1	1	0	0	0	0	0	0	0	2	0	0	3	1	0	0	0	1	0	0	0	0	0	0	0	0	0	0	0	0	0	0	0	3	0	0	0	0	0	1	0	0	0	0	0	0	0	0	0	0	0	0	1	1	2	2	1	0	1	1	0	0	0	0	1	0	0	1	0	0	0	0	1	0	0	0	0	0
0fb4dae01250d6b2718debd5bd2a5f68	1	1	0	11	0	0	0	0	12	0	0	0	4	1	0	0	1	0	2	0	0	0	0	2	0	1	1	0	0	0	0	0	0	1	2	0	0	6	1	0	0	1	1	1	0	0	0	0	0	0	0	0	0	0	0	0	0	0	0	0	0	0	0	0	0	0	0	0	0	0	0	0	0	0	0	0	0	1	2	2	1	0	0	1	0	0	0	0	0	1	0	0	2	0	0	0	0	0	0	0	1	0	2
10ad914717d5d653603d41af516fe04b	1	4	0	1	0	0	0	0	9	0	0	0	3	0	0	0	4	0	1	0	0	0	0	1	0	1	1	0	1	1	0	0	0	0	1	0	0	1	1	0	0	1	1	2	0	0	0	0	0	0	0	0	0	0	0	0	0	0	2	1	0	0	0	0	0	0	0	1	0	0	0	0	0	0	0	0	0	1	0	2	1	0	0	1	0	0	0	0	0	0	0	0	0	0	0	0	0	0	0	0	0	0	0
114e144cbba7544344366e445631f555	0	3	0	7	0	0	0	0	6	1	0	0	0	1	0	0	1	0	3	0	0	0	0	1	3	1	0	0	0	2	0	0	0	1	0	0	1	4	0	0	0	1	0	0	0	0	0	0	0	0	0	0	0	0	0	0	0	0	0	0	0	0	0	0	0	0	0	0	0	0	0	0	0	0	0	1	0	0	2	1	0	1	2	0	0	0	0	0	1	0	0	1	1	0	0	0	0	0	0	0	0	0	0
1177de37e91dd57ab27cccfed2fa3ede	1	12	0	5	0	0	0	0	13	0	0	0	4	0	0	0	0	0	1	0	0	0	0	1	0	1	0	1	1	2	0	0	0	0	0	0	0	2	1	0	0	0	1	0	0	0	0	0	0	0	0	0	0	0	0	0	0	0	2	0	0	0	0	0	0	0	0	0	0	0	0	0	0	0	0	0	0	1	0	1	0	0	1	2	2	0	0	0	0	0	0	1	0	0	0	0	0	0	0	0	0	0	0
11995f4a2844e5890843c8db2d9a0be4	1	0	0	7	0	0	0	0	11	0	1	0	0	0	2	0	1	7	0	0	0	0	0	1	1	1	1	1	0	1	0	0	0	0	0	0	0	3	0	0	0	0	0	0	0	0	0	0	0	0	0	0	0	0	0	0	0	0	1	0	0	0	0	0	0	0	0	0	0	0	0	0	0	0	0	0	0	1	0	1	0	1	0	1	2	0	0	0	0	0	0	0	0	0	0	0	0	1	0	0	0	0	0
138ef3a6c103da35b95901056583d73e	1	4	1	5	0	0	0	0	8	0	0	0	3	0	0	0	0	0	1	0	0	0	0	1	0	1	1	0	1	0	0	0	0	0	0	0	0	2	1	0	0	1	0	1	0	0	0	0	0	0	0	0	0	0	0	0	0	0	0	0	0	0	0	0	0	0	0	0	0	0	0	0	0	0	0	0	0	1	1	1	1	1	0	3	0	0	0	0	0	0	0	0	0	0	0	0	0	0	0	0	0	0	0
14f9c3a927149bc988aead68d6f8ec3c	1	6	0	7	0	0	0	0	12	0	0	0	4	0	0	0	1	0	1	0	0	0	0	1	0	1	0	1	1	0	0	0	0	1	0	0	0	1	1	0	0	0	1	0	0	0	0	0	0	0	0	0	0	0	0	0	0	0	2	0	0	0	0	0	0	0	0	0	0	0	0	0	0	0	0	0	0	1	0	1	0	0	1	1	3	0	0	0	0	0	0	0	0	0	0	0	0	0	0	0	0	0	0
15a70356fa33f83e53d7ff2d78485b0e	1	6	0	4	0	0	0	0	7	0	0	0	2	0	0	0	3	0	1	0	0	0	0	1	0	1	1	0	0	1	0	0	0	1	1	0	0	3	1	0	0	0	0	0	0	0	0	0	0	0	0	0	0	0	0	0	0	0	3	1	0	0	0	0	0	0	0	1	0	0	0	0	0	0	0	1	0	1	0	2	0	0	1	0	0	0	0	0	0	0	0	1	0	0	0	0	1	1	0	0	0	0	0
163e9b711caeb91e86ef58c064317034	1	26	1	7	1	1	1	1	14	0	1	0	1	0	0	0	1	1	0	0	0	0	0	2	1	1	1	2	1	1	0	1	1	1	0	0	0	2	1	0	0	1	0	1	0	0	0	0	1	0	0	0	0	0	0	0	0	0	3	0	0	0	0	0	1	0	2	0	0	0	0	0	0	0	0	0	0	1	0	3	0	0	0	2	0	0	0	0	0	0	3	0	0	0	0	0	0	1	0	0	0	0	0
1802eb1a4f1d348bcc7cdb53f0117429	1	6	1	6	0	0	0	0	16	2	0	0	4	0	0	0	2	0	0	0	0	0	0	0	1	1	0	1	1	4	0	1	0	0	0	0	0	3	2	0	0	1	0	0	0	0	0	0	0	0	0	0	0	0	0	0	0	0	0	0	0	0	0	0	0	0	0	0	0	0	0	0	4	0	0	0	0	1	0	2	0	0	0	3	1	0	0	0	0	0	0	0	0	0	0	0	1	1	0	0	0	0	0
1a728532a8621db76cbfee8ca3912d0f	1	11	0	3	0	0	0	0	12	0	0	0	2	0	1	0	0	0	0	0	0	0	0	1	0	1	2	1	1	1	1	0	0	0	1	0	0	2	1	0	0	0	1	0	0	0	0	0	0	0	0	0	0	0	0	0	0	0	0	0	0	0	0	0	0	0	0	0	0	0	0	0	0	0	0	0	0	1	2	1	0	1	0	1	1	0	0	0	0	0	0	0	1	0	0	0	0	1	0	0	0	0	0
1c15f86bdc6478858d34232a6f46bdf5	1	6	0	7	0	0	0	0	11	0	2	0	4	0	0	0	4	1	0	0	0	0	0	1	0	1	0	1	0	2	0	0	0	0	1	0	0	3	1	0	0	0	0	0	0	0	0	0	0	0	0	0	0	0	0	0	0	1	3	0	0	0	0	0	0	0	0	0	0	0	0	0	0	0	0	0	0	1	0	0	0	1	0	4	3	0	0	0	0	0	0	0	0	0	0	0	0	1	0	0	0	0	0
1e2541c05c03f812dffea86fd3d4acdf	1	12	0	3	0	0	0	0	14	0	0	0	5	0	0	0	3	0	1	0	0	0	0	2	1	1	1	0	1	5	0	2	0	4	2	0	0	4	2	0	0	0	1	0	0	0	0	0	0	0	0	0	0	1	0	0	0	4	0	1	0	0	0	0	0	0	0	1	0	0	0	0	0	0	0	2	0	2	0	1	0	1	1	0	1	0	0	0	0	0	0	0	0	0	0	0	0	2	0	0	0	0	0
1f856fcae3a3635ac269c3957da1fbcc	1	2	0	4	0	0	0	0	11	0	0	1	3	1	0	0	0	0	2	1	0	1	0	0	1	0	0	0	0	2	0	0	1	2	0	0	1	2	1	0	0	1	0	0	0	0	0	0	0	0	0	0	0	0	0	0	0	0	0	0	0	0	0	0	0	0	0	0	0	0	0	0	0	0	0	0	0	2	0	2	0	0	0	0	0	0	0	0	0	1	0	0	0	0	0	0	0	0	0	0	0	0	0
20673a649e5afcca80b520d74737e706	1	7	0	7	0	0	0	0	8	0	0	0	1	0	0	0	1	0	2	0	1	0	0	2	1	1	0	0	1	2	0	1	0	2	0	0	0	3	0	0	1	0	0	0	0	0	0	0	0	0	0	0	0	0	0	0	0	0	0	0	0	0	0	1	0	0	0	0	0	0	0	0	0	0	0	0	0	1	0	0	0	0	2	0	0	0	0	0	1	0	0	0	0	0	0	0	0	0	0	0	0	0	0
22f313da4d3d704d3350438a638c3880	1	12	1	8	0	0	0	0	21	1	2	0	6	0	1	0	1	0	1	0	0	0	0	2	0	1	1	1	1	0	0	0	0	2	0	0	0	4	1	0	0	1	1	1	0	0	0	0	0	0	0	0	0	0	0	0	0	0	3	1	0	0	0	0	1	0	1	1	0	0	0	0	0	0	0	0	0	1	0	1	0	0	0	1	0	0	0	0	0	0	0	0	0	0	0	0	0	1	0	0	0	0	0
24884f8df98d07e874e7d39c677e1da7	1	12	0	9	0	0	0	0	16	0	0	0	1	0	0	0	0	0	1	3	0	0	0	1	1	1	0	0	2	7	0	1	3	1	1	0	0	3	2	0	0	0	0	0	0	0	0	0	0	0	0	0	0	0	0	0	0	0	3	0	0	0	0	0	0	0	0	0	0	0	0	0	0	0	0	0	0	1	0	1	0	1	2	3	1	0	0	0	0	0	0	2	0	0	0	0	0	1	0	0	0	0	0
25462659b549e5201d1a59166757f555	2	8	0	7	0	0	0	0	14	0	2	0	7	0	0	0	2	0	0	1	0	0	0	2	0	1	1	1	1	1	0	0	1	0	0	0	0	2	2	0	0	0	0	0	0	0	0	0	0	0	0	0	0	0	0	0	0	0	3	0	0	0	0	0	0	0	1	0	0	0	0	0	0	0	0	1	0	1	0	0	0	0	0	0	0	0	0	0	0	0	0	0	0	0	0	0	0	2	0	0	0	0	0
25dd6901412ea010f6b78955d0ef6f71	1	12	1	10	0	0	0	0	21	0	1	0	6	0	0	0	1	0	2	0	0	0	0	2	0	1	1	1	1	0	0	0	0	2	0	0	0	4	1	0	0	1	1	1	0	0	0	0	0	0	0	0	0	0	0	0	0	0	3	0	0	0	0	0	1	0	1	0	0	0	0	0	0	0	0	1	0	1	0	1	0	0	0	0	0	0	0	0	0	0	0	0	0	0	0	0	0	1	0	0	0	0	0
261516a1ed3695457af2e441242d885a	1	19	0	7	0	0	0	0	14	0	0	0	6	0	1	0	6	0	1	0	0	0	0	1	0	1	1	0	1	5	0	0	0	1	1	0	0	3	2	0	0	0	0	0	0	0	0	0	0	0	0	0	0	0	0	0	0	0	3	0	0	0	0	0	0	0	0	0	0	0	0	0	0	0	0	1	0	1	0	1	0	0	1	2	2	0	0	0	0	1	0	1	0	0	0	0	1	1	0	0	0	0	0
262bf7395c01076cf1b69a5cd781e26a	1	1	0	1	0	0	0	0	6	0	0	1	2	1	0	0	3	0	2	0	0	1	0	2	0	0	0	0	0	0	0	0	1	0	0	0	1	1	1	0	0	0	0	0	0	0	0	0	0	0	0	0	0	0	0	0	0	0	0	3	0	1	0	0	0	0	0	2	0	0	0	0	0	0	0	1	0	2	0	1	1	1	0	0	0	0	0	0	0	0	0	0	0	1	0	0	0	0	0	0	0	0	0
2725ffda7ac1036b54f94521f1c9ac60	2	10	0	5	0	0	0	0	9	0	0	0	1	0	0	2	1	0	1	0	0	0	0	0	0	1	0	0	1	3	0	1	0	0	0	0	0	3	0	0	1	0	0	0	0	0	0	0	0	0	0	0	0	0	0	0	0	0	0	0	0	0	1	0	0	0	0	0	0	0	0	0	0	0	0	0	0	0	1	1	0	1	4	0	1	0	0	0	1	0	0	5	1	0	0	0	0	0	0	0	0	0	0
27a021935ef34e761e7c769f9b26c640	1	47	0	13	0	0	0	0	12	4	0	0	3	0	0	0	4	1	1	3	0	0	0	2	4	1	0	0	1	17	0	2	3	3	0	0	0	4	2	0	0	0	0	0	0	0	0	0	0	0	0	0	0	0	0	0	0	3	2	0	0	0	0	0	0	0	0	0	0	0	0	0	0	0	0	1	0	1	5	2	0	0	1	3	2	0	0	0	0	0	0	1	5	0	0	0	1	1	0	0	0	0	0
28ca0affb9ab2a1b95d4e9da3391003b	1	3	0	5	0	0	0	0	8	0	0	0	2	0	0	0	1	0	1	0	0	0	0	1	0	1	1	0	0	0	0	0	0	0	0	0	0	5	1	0	0	0	1	0	0	0	0	0	0	0	0	0	0	0	0	0	0	0	3	0	0	0	0	0	0	0	0	0	0	0	0	0	0	0	0	0	0	1	1	0	0	0	0	5	1	0	0	0	0	0	0	0	0	0	0	0	0	0	0	0	0	0	0
2abcd27bd343aa982478ad5408508a67	1	16	0	8	0	0	0	0	11	0	0	0	4	0	0	0	5	0	1	2	0	0	0	1	0	1	1	0	1	6	0	0	2	0	0	0	0	3	2	0	0	0	1	0	0	0	0	0	0	0	0	0	0	0	0	0	0	3	4	1	0	0	0	0	0	0	0	1	0	0	0	0	0	0	0	1	0	1	0	1	0	0	0	5	1	0	0	0	0	1	0	1	0	0	0	0	1	1	0	0	0	0	0
2c989e44a6cfe0588f8044327556defc	1	5	0	5	0	0	0	0	10	0	0	0	0	0	0	0	1	0	1	0	0	0	0	2	1	1	0	0	1	1	0	0	0	0	1	0	0	6	1	0	0	1	0	0	0	0	0	0	0	0	0	0	0	0	0	0	0	0	0	0	0	0	0	0	0	0	0	0	0	0	0	0	0	0	0	0	0	1	0	2	0	0	1	5	0	0	0	0	0	0	0	0	0	0	0	0	0	0	0	0	0	0	0
2d33f3c75acab84702348f37eca1424a	1	5	0	11	1	1	1	1	10	0	0	0	2	0	1	0	1	0	1	0	0	0	0	1	2	1	0	1	1	1	0	0	0	2	4	0	0	3	1	0	0	1	0	0	0	0	0	0	0	0	0	0	0	0	0	0	0	0	0	0	0	0	0	1	0	0	1	0	0	0	0	0	0	0	0	1	0	1	1	2	0	1	1	2	2	0	0	0	2	0	0	0	1	0	0	0	0	1	0	0	0	0	0
2d9393e8242d88d903af92013bb375f4	1	32	0	7	1	1	1	1	10	0	1	0	7	0	0	0	8	0	1	0	0	0	0	1	0	1	0	1	1	0	0	0	0	1	1	0	0	2	1	0	0	1	0	0	0	0	0	0	0	0	0	0	0	0	0	0	0	0	2	0	0	0	0	0	0	0	2	0	0	0	0	1	0	0	0	0	0	2	0	2	0	1	0	0	1	0	0	0	0	1	0	0	0	2	0	0	0	1	0	0	0	0	0
2ee55303fc3df5022c7a75e87bf3f939	1	6	0	5	0	0	0	0	8	0	0	0	13	0	0	0	0	0	2	0	0	0	0	2	0	1	1	0	0	0	0	0	0	0	0	0	0	1	1	0	0	1	0	1	0	0	0	0	0	0	0	0	0	0	0	0	0	0	0	0	0	0	0	0	0	0	0	0	0	0	0	0	0	0	0	1	0	1	0	1	0	0	0	1	0	0	0	0	0	0	0	0	0	0	0	0	0	0	0	0	0	0	0
2faf043b41212d32edb0255ccd1e5ac1	1	10	0	12	0	0	0	0	9	1	0	0	2	0	0	1	6	0	3	0	0	0	0	3	3	1	1	0	0	1	0	0	0	1	0	0	0	5	0	0	0	1	0	0	0	0	0	0	0	0	0	0	0	0	0	0	0	0	0	0	0	0	0	0	0	0	0	0	0	0	0	0	0	0	0	0	0	0	3	0	0	0	2	0	0	0	0	0	1	0	0	4	3	0	0	0	0	0	0	0	0	0	0
2ffb2bd8721871c96e01630aaad5bba5	1	5	0	2	0	0	0	0	7	0	0	0	1	0	0	0	0	0	1	0	0	0	0	1	0	1	2	0	0	2	0	0	0	1	1	0	0	3	1	0	0	0	0	0	0	0	0	0	0	0	0	0	0	0	0	0	0	0	0	0	0	0	0	0	0	0	0	0	0	0	0	0	0	0	0	1	0	1	0	1	0	0	1	1	1	0	0	0	0	0	0	0	0	0	0	0	1	0	0	0	0	0	0
33f7ee38fef8bf537500787675475fa8	2	18	0	6	0	0	0	0	13	0	0	0	1	0	0	1	1	0	2	0	1	0	0	1	0	1	0	0	1	2	0	2	0	1	1	0	0	5	0	0	1	1	0	0	0	0	0	0	0	0	0	0	0	0	0	0	0	0	0	0	0	0	0	1	0	0	0	0	0	0	0	0	0	0	0	0	0	0	1	4	0	0	4	2	0	0	0	0	1	0	0	0	1	0	0	0	0	0	0	0	0	0	0
3611e7e360877f74c5b17a94e7072f0a	1	4	0	9	0	0	0	0	13	0	0	0	0	0	0	2	0	1	0	0	0	0	0	2	4	1	0	1	1	1	0	0	0	1	0	0	0	1	1	0	0	0	0	0	0	0	0	0	0	0	0	0	0	0	0	0	0	0	0	0	0	0	0	0	0	0	0	0	0	0	0	0	11	0	0	0	0	1	1	2	0	0	0	3	1	0	0	0	0	0	0	0	1	0	0	0	0	1	5	0	0	0	0
368fe3e79fffd77d3220a8de81a659cb	1	21	1	7	0	0	0	0	14	0	0	0	3	0	2	0	1	0	1	5	0	0	0	1	1	1	1	0	3	1	0	0	6	3	1	0	0	3	3	0	0	0	1	0	0	0	0	0	0	0	0	0	0	1	0	0	0	0	3	0	0	0	0	0	0	0	0	0	0	0	0	0	0	0	0	2	0	1	0	1	0	2	1	3	0	0	0	0	0	1	0	2	0	0	1	0	1	1	0	0	0	0	0
3690b632ef15273429f3e56f2f66a7e9	2	7	0	9	0	0	0	0	9	4	0	0	5	0	0	0	1	0	1	0	0	0	0	0	3	1	0	0	0	16	0	0	0	0	1	0	0	4	1	0	0	0	0	0	0	0	0	0	0	0	0	0	0	0	0	0	0	2	1	1	0	0	0	0	0	0	0	1	0	0	0	0	0	0	0	1	0	1	0	2	1	1	0	3	0	0	0	0	0	0	0	0	0	0	0	0	0	0	0	0	0	0	0
378e9821e57d5b35c11f06fc203dca50	1	1	0	7	0	0	0	0	10	0	0	0	0	0	0	1	0	0	1	0	0	0	0	2	1	1	0	1	1	0	0	0	0	0	0	0	0	2	1	0	0	0	0	0	0	0	0	0	0	0	0	0	0	0	0	0	0	0	0	0	0	0	0	0	0	0	0	0	0	0	0	0	9	0	0	0	0	1	0	1	0	0	0	5	0	0	0	0	0	0	0	0	0	0	0	0	0	0	1	0	0	0	0
394b8531bed114a90fee0615129ee27d	1	0	0	1	0	0	0	0	6	0	0	0	0	1	0	0	1	0	2	0	0	0	0	1	0	1	0	0	1	2	0	1	0	0	0	0	0	1	0	0	0	1	0	0	0	0	0	0	0	0	0	0	0	0	0	0	0	0	0	0	0	0	0	0	0	0	0	0	0	0	0	0	0	0	0	0	0	1	0	1	0	0	7	0	0	0	0	0	0	0	0	0	0	0	0	0	0	0	0	0	0	0	0
3971afd18f68c531fcdccd37311bba5e	1	1	0	10	0	0	0	0	15	0	0	0	4	0	0	0	0	0	0	0	0	0	0	1	1	1	0	1	0	1	0	0	0	0	1	0	0	3	2	0	0	0	1	0	0	0	0	0	0	0	0	0	0	0	0	0	0	0	0	0	0	0	0	0	0	0	0	0	0	0	0	0	2	0	0	0	0	1	0	1	0	0	0	1	2	0	0	0	0	0	0	0	0	0	0	0	0	1	0	0	0	0	0
39a24fbf2bab8034659202cd6c6361a5	1	1	0	2	0	0	0	0	10	0	0	1	3	1	0	0	2	0	2	0	0	1	0	2	0	0	0	0	0	2	0	0	0	0	0	0	1	3	1	0	0	1	0	0	0	0	0	0	0	0	0	0	0	0	0	0	0	0	0	0	0	1	0	0	0	0	0	0	0	0	0	0	0	0	0	1	0	2	0	2	1	0	0	1	0	0	0	0	0	0	0	0	0	1	0	0	0	0	0	0	0	0	0
3a89b3406f867b7c7e7821d0966ca5e7	1	1	0	2	0	0	0	0	16	0	0	0	3	0	0	0	0	0	1	0	0	0	0	2	0	1	2	0	1	0	0	0	0	0	0	0	0	2	1	0	0	0	0	0	0	0	0	0	1	0	0	0	0	0	0	0	0	0	3	0	0	0	0	0	0	0	0	0	0	0	0	0	0	0	0	1	1	1	0	0	0	0	0	2	3	0	0	0	0	0	0	0	0	0	0	0	0	0	0	0	0	0	0
3aa7364a07f3b2db32e6a9de21edcb04	1	9	0	15	0	0	0	0	10	1	0	0	3	0	0	0	2	0	2	0	0	0	0	1	0	1	1	0	0	30	0	0	0	0	0	0	0	2	2	0	0	0	0	0	0	0	0	0	0	0	0	0	0	0	0	0	0	0	3	0	0	0	0	0	0	0	0	0	0	0	0	0	0	0	0	1	0	1	0	2	0	2	0	2	1	0	1	0	0	0	0	0	0	0	0	0	0	1	0	0	0	0	0
3ff575b0ffe271198ee9e587ac7a2288	1	11	1	5	0	0	0	0	18	0	1	0	3	0	1	0	1	0	0	0	0	0	0	2	0	1	1	1	1	1	0	0	0	1	2	0	0	4	1	0	1	1	0	1	0	0	0	0	0	0	0	0	0	0	0	0	0	0	3	2	0	0	0	0	1	0	3	2	0	0	0	0	0	0	0	1	0	1	0	2	0	0	0	0	1	0	0	0	0	0	0	0	0	0	0	0	0	1	0	0	0	0	0
4066b363d06d8f71f851aa9afe3320e1	1	4	0	3	0	0	0	0	15	0	3	0	2	0	1	0	1	0	1	0	0	0	0	1	0	1	1	1	1	1	0	0	0	1	0	0	0	3	1	0	0	1	1	0	0	0	0	0	0	0	0	0	0	0	0	0	0	0	3	0	0	0	0	0	0	0	1	0	0	0	0	0	0	0	0	0	0	1	0	0	0	0	0	1	0	0	0	0	0	0	0	0	0	0	0	0	0	1	0	0	0	0	0
40781b32762f825c64a31991c93e544d	1	3	0	7	0	0	0	0	8	0	0	0	0	0	0	0	1	0	1	0	0	0	0	1	0	1	0	0	1	3	0	0	0	1	0	0	0	2	2	0	0	0	1	0	0	0	0	0	0	0	0	0	0	1	0	0	0	0	2	0	0	0	0	0	0	0	0	0	0	0	0	0	0	0	0	0	0	1	0	1	0	0	1	0	1	0	0	0	0	0	0	1	0	0	0	0	0	1	0	0	0	0	0
4530dfe88d6542874da561af0c268b64	1	3	0	6	0	0	0	0	7	1	0	0	1	1	0	0	1	0	1	0	0	0	0	2	1	1	1	0	0	2	0	0	0	1	0	0	0	2	0	0	0	1	0	0	0	0	0	0	0	0	0	0	0	0	0	0	0	0	0	0	0	0	0	0	0	0	0	0	0	0	0	0	0	0	0	0	0	1	2	1	0	1	2	0	0	0	0	0	0	0	0	0	1	0	0	0	0	0	0	0	0	0	0
470be078d5614ee9bcacf54b699a374c	2	6	1	10	0	0	0	0	16	0	1	0	4	1	2	0	0	1	1	1	0	0	0	1	2	1	0	0	0	2	0	1	1	0	1	0	0	4	1	1	0	0	0	0	0	0	0	0	0	0	0	0	0	0	0	0	0	2	3	4	0	0	0	0	0	0	0	4	0	0	0	0	0	0	0	2	0	1	1	2	0	1	0	2	2	0	0	0	0	0	0	1	0	0	0	0	0	1	0	0	2	0	0
471de76699165b751210d5588c32636c	1	0	0	3	0	0	0	0	19	0	0	1	3	1	0	0	2	0	2	0	0	1	0	2	0	0	0	0	0	1	0	0	0	1	0	0	1	4	1	0	0	0	0	0	0	0	0	0	0	0	0	0	0	0	0	0	0	0	0	1	0	1	0	0	0	0	0	1	0	0	0	0	0	0	0	1	0	2	0	3	1	0	0	3	2	0	0	0	0	0	0	0	0	2	0	0	0	0	0	0	0	0	2
4806649c7a54c88a8383187e11c01173	2	0	0	8	0	0	0	0	8	0	0	0	3	0	0	0	1	0	1	0	0	0	0	2	0	1	0	0	0	0	0	0	0	2	1	0	1	4	2	0	0	0	1	1	0	0	0	0	0	0	0	0	0	0	0	0	0	0	0	1	0	0	0	0	0	0	0	1	0	0	0	0	0	0	0	1	0	1	0	1	1	0	0	2	1	0	0	0	0	0	0	0	0	0	0	0	0	0	0	0	0	0	0
488ea4a587d2977d6da25c024272e9ba	1	4	0	12	0	0	0	0	8	0	0	0	0	0	0	1	2	0	2	0	0	0	0	0	1	1	0	0	0	1	0	0	0	2	0	0	0	3	0	0	0	1	0	0	0	0	0	0	0	0	0	0	0	0	0	0	0	0	0	0	0	0	0	0	0	0	0	0	0	0	0	0	0	0	0	1	0	1	0	0	0	0	2	3	1	0	0	0	0	0	0	1	0	0	0	0	0	0	0	0	1	0	0
48969e697c9def68e434696e4ada2411	1	4	0	8	0	0	0	0	16	2	0	0	6	0	0	1	0	0	0	0	0	0	0	0	7	1	0	1	1	1	0	0	0	0	1	0	0	3	2	0	0	1	0	0	0	0	0	0	0	0	0	0	0	0	0	0	0	0	0	0	0	0	0	0	0	0	0	0	0	0	0	0	11	0	0	0	0	2	1	1	0	0	0	2	0	0	0	0	0	0	0	0	1	0	0	0	0	1	0	0	0	0	0
4a01a6cb74cd52b2de454087db8b9667	1	9	0	13	0	0	0	0	25	0	2	0	5	0	3	0	1	2	1	0	0	0	0	2	4	1	0	0	1	4	0	2	0	1	3	0	0	4	1	0	0	0	0	0	0	0	0	0	0	0	0	0	0	0	0	0	0	0	1	2	0	0	0	0	0	0	0	2	0	0	0	0	0	0	0	1	0	1	0	5	0	2	0	3	1	0	0	0	0	0	0	0	0	0	0	0	0	1	0	0	2	0	0
4aabe27476a2c9afcb09698aa6e1aa26	1	15	0	5	0	0	0	0	8	1	0	0	1	0	0	0	0	0	1	0	0	0	0	0	3	1	0	0	1	1	0	0	0	3	0	0	0	4	0	0	0	0	0	0	0	0	0	0	0	0	0	0	0	0	0	0	0	0	0	0	0	0	0	0	0	0	0	0	0	0	0	0	0	0	0	0	0	0	2	1	0	0	2	0	0	0	0	0	0	0	0	0	2	0	0	0	0	0	0	0	0	0	0
4b0bed82ec259b2f25bcfe2b1634e745	1	24	0	8	0	0	0	0	13	0	0	0	2	0	0	2	1	0	1	0	0	0	0	1	2	1	0	1	1	14	0	0	0	2	1	0	0	3	3	0	0	0	0	0	0	0	0	1	0	0	0	0	0	1	0	0	0	0	3	0	0	0	0	0	0	0	0	0	0	0	0	0	0	0	0	0	1	0	2	1	1	0	0	0	1	0	0	0	0	0	0	2	1	0	0	0	0	0	0	0	0	0	0
4bc880a04520854d3514601cca736e83	1	5	0	7	0	0	0	0	8	0	0	0	2	1	0	0	1	0	2	0	0	0	0	2	0	1	0	1	0	3	0	0	0	1	4	0	0	3	0	0	0	0	0	1	0	0	0	0	0	0	0	0	0	0	0	0	0	0	2	1	0	0	0	0	0	0	0	1	0	0	0	0	0	0	0	1	0	0	1	2	0	1	7	0	1	0	0	0	3	0	0	2	1	0	0	0	1	0	0	0	0	0	0
4d6d64a3a949c26edd24985aa99536c1	1	1	0	2	0	0	0	0	8	0	0	0	5	1	0	0	1	0	1	0	0	0	0	1	0	1	0	0	0	0	0	0	0	0	0	0	0	3	1	0	0	1	0	1	0	0	0	0	0	0	0	0	0	0	0	0	0	0	1	1	0	0	0	0	0	0	0	1	0	0	0	0	0	0	0	0	0	1	0	0	0	0	0	0	0	0	0	0	0	0	0	0	0	0	0	0	0	0	0	0	0	0	0
4fb684465834a4b8540fe95219bfb4fc	1	29	0	3	0	0	0	0	8	0	0	0	5	0	0	0	2	0	1	0	0	0	0	1	1	1	1	1	0	1	0	0	0	3	0	0	0	3	1	0	1	1	2	1	0	0	0	0	0	0	0	0	0	0	0	0	0	0	3	1	0	0	0	0	0	0	0	1	0	0	0	0	0	0	0	0	0	2	0	2	0	1	0	0	0	0	0	0	0	1	0	0	0	0	0	0	0	1	0	0	0	0	0
504566e4c31f32fc959e694cc4c83ea6	1	2	0	4	1	1	1	1	12	0	0	0	3	0	0	0	1	1	0	0	0	0	0	1	0	1	1	0	0	1	0	0	0	0	0	0	0	2	1	0	0	1	0	0	0	0	0	0	1	0	0	0	0	0	0	0	0	0	3	1	0	0	0	0	0	0	0	1	0	0	0	0	0	0	0	0	0	1	1	1	0	1	0	2	2	0	0	0	0	0	0	0	0	0	0	0	0	1	0	0	0	0	0
538a9d9e641d15c563ee3c23de058477	1	9	0	12	0	0	0	0	4	0	0	0	5	0	1	0	3	0	2	0	0	0	0	1	1	1	1	0	0	0	0	0	0	1	0	0	0	3	1	0	0	1	0	0	0	0	0	0	0	0	0	0	0	0	0	0	0	0	0	0	0	0	0	1	0	0	0	0	0	0	0	0	0	0	0	0	0	1	0	1	0	0	1	0	0	0	0	0	2	1	0	4	0	0	0	0	0	0	0	0	0	0	0
55cf014baaf75fead0b1e199641733c2	1	0	0	4	0	0	0	0	9	0	2	0	3	1	0	0	4	0	1	0	0	0	0	1	0	1	1	0	0	0	0	0	0	0	1	0	0	3	1	0	0	1	0	0	0	0	0	0	0	0	0	0	0	0	0	0	0	0	3	2	0	0	0	0	0	0	0	2	0	0	0	0	0	0	0	2	1	1	0	0	0	0	0	2	1	0	0	0	0	0	0	0	0	0	0	0	0	0	0	0	0	0	0
572de172dbcfc1635adaf09197635de1	1	2	0	7	0	0	0	0	4	0	0	0	1	1	0	0	0	0	2	0	0	0	0	1	0	1	0	0	1	0	0	0	0	1	0	0	0	3	1	0	0	1	0	0	0	0	0	0	0	0	0	0	0	0	0	0	0	0	0	0	0	0	0	0	0	0	0	0	0	0	0	0	0	0	0	1	0	1	0	2	1	1	2	0	0	0	0	0	0	0	0	0	0	0	0	0	0	0	0	0	0	0	0
5d88da691c5eaa04ef692c68f909014c	1	7	0	9	0	0	0	0	10	0	0	0	2	1	0	0	5	0	1	0	0	0	0	1	0	1	1	0	0	1	0	0	0	3	1	0	0	3	1	0	0	0	0	0	0	0	0	0	0	0	0	0	0	0	0	0	0	1	0	0	0	0	0	0	0	0	0	0	0	0	0	0	0	0	0	1	0	1	0	0	0	1	1	0	0	0	0	0	3	1	0	0	0	0	0	0	0	1	0	0	0	0	0
5e52f27c6ac18f9196aec1451fa3a6fe	1	5	0	6	0	0	0	0	9	0	0	0	0	0	0	0	1	0	2	0	1	0	0	0	0	1	0	0	1	0	0	0	0	1	1	0	0	4	0	0	0	0	0	0	0	0	0	0	0	0	0	0	0	0	0	0	0	0	0	0	0	0	0	1	0	0	0	0	0	0	0	0	0	0	0	0	0	1	0	1	0	0	6	1	2	0	0	0	0	0	0	1	0	0	0	0	0	0	0	0	0	0	0
6007188b76ff0c82789078fc6ab7e1fa	1	1	0	5	0	0	0	0	7	0	0	0	4	0	0	0	1	0	0	0	0	0	0	2	0	1	1	1	0	1	0	0	0	0	0	0	0	3	1	0	0	0	0	1	0	0	0	0	0	0	0	0	0	0	0	0	0	0	3	0	0	0	0	0	1	0	0	0	0	0	0	0	0	0	0	0	0	1	0	1	0	0	0	5	0	0	0	0	0	0	0	0	0	0	0	0	0	1	0	0	0	0	0
65461620220f53ca3f3575b87f802077	2	15	0	7	1	1	1	1	15	0	1	0	8	0	0	1	1	0	3	0	0	0	0	2	0	1	1	1	1	1	0	0	0	1	1	0	0	3	1	0	0	0	0	1	0	0	0	0	0	0	0	0	0	0	0	0	0	0	3	2	0	0	0	0	1	0	1	2	0	0	0	0	0	0	0	0	0	2	0	1	0	0	3	5	2	0	0	0	0	1	0	0	0	0	0	0	0	1	0	0	0	0	0
6598a1dad472195fa1c78c068ad41a0a	1	1	0	7	0	0	0	0	17	0	0	0	1	0	0	0	0	0	0	0	0	0	0	1	0	1	1	0	1	0	0	0	0	0	0	0	0	2	1	0	0	1	0	0	0	0	0	0	0	0	0	0	0	0	0	0	0	0	0	2	0	0	0	0	0	0	0	2	0	0	0	0	0	0	0	0	0	1	0	2	0	1	0	5	2	0	0	0	0	0	0	0	0	0	0	0	0	0	0	0	0	0	0
6722a6a1e29be0c66e9cde3e6c4e53bc	1	5	0	4	0	0	0	0	13	0	2	0	4	0	0	0	1	0	2	0	0	0	0	2	0	1	3	1	0	1	0	0	0	3	0	0	0	3	1	0	0	1	0	1	0	0	0	0	0	0	0	0	0	0	0	0	0	0	3	0	0	0	0	0	0	0	1	0	0	0	0	0	0	0	0	0	0	1	0	0	0	0	0	3	3	0	0	0	0	0	0	0	0	0	0	0	0	1	0	0	0	0	0
68ba5f0746de7af6c9bace38f0b6321b	1	1	0	8	0	0	0	0	11	0	0	1	1	1	0	0	2	0	2	0	0	1	0	2	0	0	0	0	0	3	0	0	0	0	0	0	1	2	2	0	0	0	0	0	0	0	0	0	0	0	0	0	0	0	0	0	0	0	0	0	0	0	0	0	0	0	0	0	0	0	0	0	0	0	0	2	0	2	0	2	1	0	0	4	1	0	0	0	0	0	0	0	0	0	0	0	0	0	0	0	0	0	0
68f764ce9b14f053111890adc958efaf	1	10	0	10	0	0	0	0	14	4	0	0	3	0	0	0	0	0	0	0	0	0	0	1	1	1	0	1	0	4	0	0	0	4	0	0	0	4	2	0	0	0	1	0	0	0	0	0	0	0	0	0	0	0	0	0	0	0	0	0	0	0	0	0	0	0	0	0	0	0	0	0	28	0	0	0	0	1	0	1	0	0	0	1	1	0	0	0	0	0	0	0	0	0	0	0	0	1	1	0	1	0	0
6a80e69ec00874bdbebea66f673e104e	1	3	0	5	0	0	0	0	9	0	0	0	2	0	0	0	1	0	2	0	0	0	0	1	0	1	1	0	1	0	0	0	0	0	0	0	0	3	1	0	0	1	1	0	0	0	0	0	0	0	0	0	0	0	0	0	0	0	3	0	0	0	0	0	0	0	0	0	0	0	0	0	0	0	0	0	0	1	0	1	1	0	0	3	2	0	0	0	0	0	0	0	0	0	0	0	0	0	0	0	0	0	0
6acafa1880de1ba85948f689874529ff	1	0	0	2	0	0	0	0	9	0	0	1	0	1	0	0	0	0	2	0	0	1	0	1	0	0	0	0	0	2	0	0	0	2	0	0	1	0	0	0	0	0	0	0	0	0	0	0	0	0	0	0	0	0	0	0	0	0	0	0	0	0	0	0	0	0	0	0	0	0	0	0	0	0	0	0	0	0	0	2	0	0	0	0	0	0	0	0	0	0	0	0	0	0	0	0	0	0	0	0	0	0	0
6c5726dddcd79536dfc36ef444ac5028	1	16	0	7	1	1	1	1	10	0	2	0	4	0	0	0	1	0	0	0	0	0	0	1	0	1	0	0	1	2	0	0	0	0	0	0	0	3	1	0	1	0	1	0	0	0	0	0	0	0	0	0	0	1	0	0	0	0	3	0	0	0	0	0	0	0	1	0	0	0	1	0	0	0	0	0	0	1	0	1	0	0	0	0	3	0	0	0	0	0	0	0	0	0	0	0	0	1	0	0	0	0	0
6c6c9aa7717e2fa82e52d583edbd5cdc	1	5	0	7	0	0	0	0	9	0	0	0	1	0	0	1	1	1	1	0	0	0	0	0	0	1	0	0	1	1	0	0	0	2	0	0	0	2	1	0	1	0	0	0	0	0	0	0	0	0	0	0	0	0	0	0	0	0	0	0	0	0	0	0	0	0	0	0	0	0	0	0	0	0	0	0	0	1	0	0	0	0	1	2	0	0	0	0	0	0	0	0	0	0	0	0	0	0	0	0	0	0	0
6e7d3ec7674da611374259fa8a8c0c44	1	1	0	6	0	0	0	0	5	0	0	0	12	0	0	0	0	0	1	0	0	0	0	1	0	1	1	0	0	0	0	0	0	0	0	0	0	2	1	0	0	0	1	2	0	0	0	0	0	0	0	0	0	0	0	0	0	0	3	0	0	0	0	0	0	0	0	0	0	0	0	0	0	0	0	0	0	1	0	0	1	0	0	0	2	0	0	0	0	0	0	0	0	0	0	0	0	0	0	0	0	0	0
72805b17a6c441b716d473596e0c427c	1	2	1	11	0	0	0	0	20	0	2	0	1	0	1	0	0	1	0	0	0	0	0	2	0	1	0	0	0	2	0	1	0	0	1	0	0	4	1	0	0	0	1	0	0	0	0	1	0	0	0	0	0	0	0	0	0	0	3	5	0	0	0	0	0	0	0	5	0	0	0	0	0	0	0	1	0	1	0	2	0	2	0	0	2	0	0	0	0	0	0	1	0	0	0	0	0	1	0	0	0	0	0
73031fe5972cc07d6cf6b0b66dad1a5a	1	13	0	4	1	1	1	1	14	0	0	0	2	0	0	4	2	0	1	0	0	0	0	1	0	1	0	0	1	6	0	1	0	1	0	0	0	3	1	0	0	0	0	0	0	0	0	0	0	0	0	0	0	0	0	0	0	0	0	0	0	0	0	0	0	0	0	0	0	0	0	0	0	0	0	0	0	0	0	1	0	3	5	5	3	0	0	0	0	0	0	1	0	0	0	0	0	0	0	0	0	0	0
73bc15858ab78ff3e0673eb858f3aaf5	1	8	0	4	0	0	0	0	9	0	0	0	1	0	0	0	3	0	1	0	0	0	0	1	2	1	0	0	1	4	0	0	0	1	1	0	0	3	0	0	0	1	0	0	0	0	0	0	0	0	0	0	0	0	0	0	0	0	0	0	0	0	0	0	0	0	0	0	0	0	0	0	0	0	0	0	0	1	1	3	0	0	6	0	0	0	0	0	0	0	0	0	1	0	0	0	0	0	0	0	0	0	0
789b8c829512a8c10316f21e02c58129	1	7	0	12	0	0	0	0	9	0	0	0	1	0	1	0	3	0	2	0	0	0	0	2	1	1	1	0	1	1	0	0	0	1	4	0	0	4	1	0	0	0	0	0	0	0	0	0	0	0	0	0	0	0	0	0	0	0	0	0	0	0	0	0	0	0	0	0	0	0	0	0	0	0	0	1	0	1	0	3	0	0	2	3	0	0	0	0	0	0	0	1	0	0	0	0	0	0	0	0	0	0	0
7ac81fd37313bccaa43d5dba674db309	0	0	0	8	0	0	0	0	9	0	0	0	0	0	0	1	0	0	0	0	0	0	0	1	0	1	0	1	0	1	0	0	0	1	0	0	0	2	1	0	0	0	0	0	0	0	0	0	0	0	0	0	0	0	0	0	0	0	0	0	0	0	0	0	0	0	0	0	0	0	0	0	8	0	0	0	0	1	0	1	0	0	0	1	0	0	0	0	0	0	0	0	0	0	0	0	0	0	1	0	0	0	0
7b4676b9992eb4ad7b737de964c159d5	1	2	0	4	0	0	0	0	15	0	0	0	7	1	0	0	1	0	3	0	0	0	0	1	0	1	1	0	0	0	0	0	0	0	0	0	0	1	1	0	0	0	1	1	0	0	0	0	0	0	0	0	0	0	0	0	0	0	3	0	0	0	0	0	0	0	0	0	0	0	0	0	0	0	0	0	0	1	0	1	0	0	1	5	2	0	0	0	0	0	0	0	0	0	0	0	0	0	0	0	0	0	0
800cdda1301b3fa5b9d82d20f22ff460	1	4	0	9	0	0	0	0	11	0	3	0	3	0	0	0	2	0	1	0	0	0	0	2	0	1	0	1	1	1	0	1	0	0	0	0	0	3	1	0	0	0	0	0	0	0	0	0	2	0	0	0	0	0	0	0	0	1	3	0	0	0	0	0	0	0	0	0	0	0	0	1	0	0	0	1	0	1	0	0	0	1	0	0	1	0	0	0	0	0	0	0	0	0	0	0	0	2	0	0	0	0	0
8041af5e072eb7899435e275b16ffa0c	1	14	0	7	0	0	0	0	18	0	0	0	2	0	0	0	1	0	1	1	0	0	0	1	0	1	0	1	0	5	0	1	1	2	0	0	0	4	3	0	0	0	1	0	0	0	0	0	0	0	0	0	0	0	0	0	0	1	2	0	0	0	0	0	0	0	0	0	0	0	0	0	0	0	0	0	0	2	0	1	0	0	1	4	1	0	0	0	0	0	0	1	0	0	0	0	0	1	0	0	0	0	0
805afcd2bd409626ffb30330a30ab0c0	1	0	0	10	0	0	0	0	10	0	0	1	1	1	0	0	2	0	4	0	0	1	0	3	0	0	0	0	0	9	0	0	0	1	0	0	1	1	1	0	0	0	0	0	0	0	0	0	0	0	0	0	0	0	0	0	0	0	0	0	0	1	0	0	0	0	0	0	0	0	0	0	0	0	0	1	0	2	0	5	2	2	0	0	0	0	0	0	0	0	0	0	0	1	0	0	0	0	0	0	0	0	0
8168b534de13d55225a2c769f95ca216	0	0	0	5	0	0	0	0	4	0	0	0	2	0	0	0	0	0	0	0	0	0	0	0	0	1	0	0	1	0	0	0	0	1	0	0	0	2	0	0	0	0	0	0	0	0	0	0	0	0	0	0	0	0	0	0	0	0	0	0	0	0	0	0	0	0	0	0	0	0	0	0	0	0	0	0	0	0	0	1	1	2	0	0	0	0	0	0	0	0	0	0	0	0	0	0	0	0	0	0	0	0	0
834cb905a03e71959c966a3a4bebd66d	1	8	0	7	0	0	0	0	7	0	0	0	1	0	0	0	2	0	1	0	0	0	0	2	1	1	1	0	1	0	0	0	0	1	1	0	0	7	1	0	0	0	0	0	0	0	0	0	0	0	0	0	0	0	0	0	0	0	0	1	0	0	1	0	0	0	0	1	0	0	0	0	0	0	0	0	0	1	1	2	0	0	4	3	0	0	0	0	1	0	0	0	1	0	0	0	0	0	0	0	0	0	0
838fc287b877bceaad6dfdd2fbcade8c	1	0	0	3	0	0	0	0	12	0	1	0	4	0	0	0	2	0	1	0	0	0	0	0	0	1	1	1	1	0	0	0	0	0	0	0	0	4	0	0	0	1	1	0	0	0	0	0	0	0	0	0	0	0	0	0	0	0	0	0	0	0	0	0	0	0	0	0	0	0	0	0	0	0	0	0	0	1	0	1	0	2	0	2	0	0	0	0	0	0	0	0	0	0	0	0	0	1	0	0	0	0	0
870d5c5ac485ccd4bc89d80d41abb2bc	1	22	0	4	0	0	0	0	13	0	0	0	4	0	0	0	0	0	1	0	0	0	0	1	5	1	0	1	1	8	0	0	0	1	1	0	0	3	1	0	0	0	1	0	0	0	0	0	0	0	0	0	0	0	0	0	0	0	2	0	0	0	0	0	0	0	0	0	0	0	0	0	0	0	0	0	0	1	2	2	0	0	0	1	0	0	0	0	0	1	0	2	1	0	0	0	0	1	0	0	0	0	0
884cbfa22a4183cfd8e9b109c0d9b381	1	0	0	4	0	0	0	0	14	0	0	0	2	0	0	0	0	0	1	0	0	0	0	0	0	1	1	1	2	0	0	0	0	0	1	0	0	3	0	0	0	1	0	0	0	0	0	0	0	0	0	0	0	1	0	0	0	0	3	0	0	0	0	0	0	0	0	0	0	0	0	0	0	0	0	0	0	1	0	2	0	2	0	2	0	0	0	0	0	0	0	0	0	0	0	0	0	1	0	0	0	0	0
89afc58221d01fc2e98b7a9d91b0b7e8	1	22	0	7	0	0	0	0	7	0	0	0	2	0	0	0	1	0	2	0	0	0	0	1	0	1	0	0	1	1	0	0	0	2	0	0	0	3	1	0	0	0	0	0	0	0	0	0	0	0	0	0	0	0	0	0	0	0	0	0	0	0	0	2	0	0	0	0	0	0	0	0	0	0	0	1	0	1	0	1	0	0	0	4	0	0	0	0	0	0	0	0	0	0	0	0	0	0	0	0	0	0	0
8ace98dde311f67777915c42d524699a	1	5	0	8	0	0	0	0	10	0	0	0	1	0	0	0	2	0	1	0	0	0	0	1	1	1	0	1	1	1	0	0	0	2	2	0	0	3	1	0	0	0	0	0	0	0	0	0	0	0	0	0	0	0	0	0	0	2	0	0	0	0	0	0	0	0	0	0	0	0	0	0	0	0	0	1	0	1	1	2	0	0	1	0	1	0	0	0	1	1	0	0	1	0	0	0	0	1	0	0	0	0	0
8c49082098d28ab33936577561179706	1	7	0	6	0	0	0	0	15	0	1	0	9	0	2	0	1	0	0	0	0	0	0	1	0	1	1	0	0	0	0	1	0	0	0	0	0	4	1	0	0	0	1	6	0	0	0	0	0	0	0	0	0	0	0	0	0	0	3	4	0	0	0	0	0	0	1	4	0	0	0	0	0	0	0	1	0	1	0	0	0	0	0	8	3	0	0	0	0	0	0	0	0	0	0	0	0	1	0	0	0	0	0
8c6acb83501880e72ebf52a764a6b19d	1	15	0	14	0	0	0	0	16	2	0	0	3	0	0	0	0	3	1	0	0	0	0	2	2	1	0	2	0	3	0	0	0	4	2	0	0	4	2	0	0	0	0	0	0	0	0	0	0	0	0	0	0	1	0	0	0	1	0	0	0	0	0	0	0	0	0	0	0	0	0	0	34	0	0	0	0	1	1	2	0	1	0	2	1	0	1	0	0	0	0	0	2	0	0	0	0	1	0	0	0	0	0
8e31e3a892bbf9d0f975da18460dc53c	1	21	0	14	0	0	0	0	10	1	0	0	0	0	0	0	4	0	2	0	0	0	0	2	1	1	1	0	1	6	0	0	0	4	3	0	0	4	2	0	1	0	0	0	0	0	0	0	0	0	0	0	0	0	0	0	0	0	0	0	0	0	1	0	0	0	0	0	0	0	0	0	0	0	0	0	0	1	2	1	0	0	3	0	1	0	0	0	1	0	0	3	2	0	0	0	0	0	0	0	0	0	0
8f56588e0e02ee661552c5aba2dc7196	1	4	0	3	0	0	0	0	11	0	3	0	4	0	0	0	1	0	0	1	0	0	0	1	0	1	1	1	1	0	0	0	1	1	0	0	0	3	2	0	0	0	0	0	0	0	0	0	0	0	0	0	0	0	0	0	0	1	3	0	0	0	0	0	0	0	1	0	0	0	0	0	0	0	0	2	0	1	0	0	0	0	0	0	2	0	0	0	0	0	0	0	0	0	0	0	0	2	0	0	0	0	2
91f83157416100632069ba65864681c8	1	4	0	2	0	0	0	0	9	0	0	0	3	1	0	0	1	0	2	0	0	0	0	1	0	1	1	0	1	0	0	0	0	0	1	0	0	1	1	0	0	1	0	1	0	0	0	0	0	0	0	0	0	0	0	0	0	0	0	2	0	0	0	0	0	0	0	2	0	0	0	0	0	0	0	0	0	1	0	2	1	0	0	1	0	0	0	0	0	0	0	0	0	0	0	0	0	0	0	0	0	0	2
92125350ccdc2f014d0366c1e1e9e95b	1	5	1	10	0	0	0	0	14	0	0	0	3	0	0	0	4	1	2	0	0	0	0	2	3	1	0	0	1	5	0	1	0	2	5	0	0	2	2	0	0	1	0	0	0	0	0	0	0	0	0	0	0	0	0	0	0	0	0	1	0	0	0	1	0	0	0	1	0	0	0	0	0	0	0	1	0	1	0	2	0	1	3	3	1	0	0	0	0	1	0	0	0	0	0	0	0	0	0	0	1	0	0
928fbc832fdf36ed4889c158b32164a0	1	1	0	10	0	0	0	0	7	0	0	0	3	0	0	0	2	0	2	0	0	0	0	1	0	1	1	0	0	0	0	0	0	0	0	0	0	6	1	0	0	0	0	0	0	0	0	0	0	0	0	0	0	0	0	0	0	0	0	2	0	0	0	0	0	0	1	2	0	0	0	0	0	0	0	0	0	1	0	1	0	0	0	5	0	0	0	0	0	0	0	0	0	0	0	0	0	0	0	0	0	0	0
94518bb814a8a79e60637ee6f92ce3bd	0	0	0	3	0	0	0	0	5	0	0	0	2	0	1	0	0	0	1	0	0	0	0	0	0	1	1	1	0	0	0	0	0	0	1	0	0	3	1	0	0	0	0	0	0	0	0	0	0	0	0	0	0	0	0	0	0	0	0	0	0	0	0	0	0	0	0	0	0	0	0	0	0	0	0	0	0	1	0	2	0	1	0	1	0	0	0	0	0	0	0	0	0	0	0	0	0	0	0	0	0	0	0
9973ef93131dfc19efd08d269b490e2a	1	0	0	2	0	0	0	0	15	0	0	0	5	1	0	0	1	0	2	1	0	0	0	1	0	1	1	0	0	0	0	0	0	2	0	0	0	3	1	0	0	0	0	1	0	0	0	0	0	0	0	0	0	0	0	0	0	0	3	1	0	0	0	0	0	0	1	0	0	0	0	0	0	0	0	1	2	1	0	0	0	0	0	1	2	0	0	0	0	0	0	0	0	2	0	0	0	0	0	0	0	0	0
9a817f8f180e369b680ebd4f5dc97095	1	6	0	6	0	0	0	0	8	0	0	0	2	0	1	0	4	2	2	0	0	0	0	2	0	1	0	1	1	9	0	0	0	3	1	0	0	4	2	0	0	0	0	0	0	0	0	0	0	0	0	0	0	0	0	0	0	0	0	0	0	0	0	0	0	0	0	0	0	0	0	0	0	0	0	1	0	1	0	1	0	0	5	0	1	0	0	0	1	1	0	1	0	0	0	0	0	1	0	0	0	0	0
9b44dd00aecd8bba4c42f00505caaf59	2	33	0	12	1	1	1	1	17	0	0	0	9	1	1	0	5	0	2	0	0	0	0	2	2	1	7	0	1	17	0	14	0	4	0	0	0	3	1	0	0	0	0	0	0	0	0	0	0	0	0	0	0	1	0	0	0	0	0	3	0	0	0	0	0	0	0	3	0	0	0	0	0	0	0	2	0	1	3	4	0	0	1	2	1	0	0	0	0	1	0	0	2	0	0	0	0	0	0	0	0	0	0
9c1ca38f7cfa1d43a865c6cfef46f029	1	0	0	2	0	0	0	0	5	0	0	0	2	0	0	0	1	0	1	0	0	0	0	1	0	1	0	0	0	0	0	0	0	0	0	0	1	4	1	0	0	0	1	0	0	0	0	0	0	0	0	0	0	0	0	0	0	0	2	0	0	0	0	0	0	0	0	1	0	0	0	0	0	0	0	0	0	1	0	2	0	0	0	0	0	0	0	0	0	0	0	0	0	0	0	0	0	0	0	0	0	0	0
9c5ea36a03190fb249a410fbb7a79941	1	1	0	4	0	0	0	0	7	0	0	0	2	0	0	0	0	0	0	0	0	0	0	2	2	1	0	1	0	0	0	0	0	0	0	0	0	4	1	0	0	0	0	0	0	0	0	0	0	0	0	0	0	0	0	0	0	0	0	0	0	0	0	0	0	0	0	0	0	0	0	0	4	0	0	0	0	1	0	2	0	0	0	1	0	0	0	0	0	0	0	0	0	0	0	0	0	1	3	0	0	0	0
9c9f4d0a2fe998aa468b440e1bf9c8df	1	3	0	5	0	0	0	0	8	0	0	0	0	0	0	2	0	0	2	0	0	0	0	1	2	1	0	1	0	1	0	0	0	0	0	0	0	0	1	0	0	0	0	0	0	0	0	0	0	0	0	0	0	0	0	0	0	0	0	0	0	0	0	0	0	0	0	0	0	0	0	0	0	0	0	0	0	1	0	0	0	0	0	0	2	0	0	0	0	0	0	0	0	0	0	0	0	1	0	0	0	0	0
9d6a993c1b7735ad464c5ed89e2fac9f	1	2	0	7	0	0	0	0	5	0	0	0	0	0	0	0	0	0	1	0	0	0	0	0	0	1	0	0	1	3	0	0	1	1	0	0	0	3	0	0	0	1	0	0	0	0	0	0	0	0	0	0	0	0	0	0	0	0	0	0	0	0	0	0	0	0	0	0	0	0	0	0	0	0	0	0	0	0	0	1	0	0	5	0	0	0	0	0	0	0	0	1	0	0	0	0	0	0	0	0	0	0	0
9db8b05aff7a721055798f933e144467	1	1	0	7	0	0	0	0	19	0	0	0	4	0	0	0	1	2	1	0	0	0	0	1	1	1	0	1	0	0	0	0	0	1	0	0	0	3	1	0	0	0	0	0	0	0	0	0	0	0	0	0	0	0	0	0	0	1	0	0	0	0	0	0	0	0	0	0	0	0	0	0	0	0	0	0	0	1	0	0	0	0	0	0	1	0	0	0	0	0	0	0	0	0	0	0	0	1	1	0	0	0	0
9e236d79678c7a4e44b0722d203ebbd1	1	0	0	6	0	0	0	0	10	0	3	0	2	0	1	0	1	0	1	0	0	0	0	1	0	1	0	1	1	1	0	0	0	0	0	0	0	2	1	0	0	1	0	0	0	0	0	0	1	0	0	0	0	0	0	0	0	0	3	0	0	0	0	0	0	0	1	0	0	0	0	0	0	0	0	1	0	1	0	0	0	0	0	0	0	0	0	0	0	0	0	0	0	0	0	0	0	1	0	0	0	0	0
a04d2f32b55d54fd6309827c30ca51ef	1	12	0	10	0	0	0	0	16	0	0	0	5	0	0	0	1	0	2	0	0	0	0	1	1	1	0	1	1	4	0	1	0	4	1	0	0	3	1	0	0	0	1	1	0	0	0	0	0	0	0	0	0	0	0	0	0	0	3	0	0	0	0	0	0	0	0	0	0	0	0	0	0	0	0	0	0	1	0	1	0	0	1	2	1	0	0	0	0	1	0	1	0	0	0	0	0	1	0	0	0	0	0
a205f2c5097533bd92900f9484fb3e1c	1	5	0	8	0	0	0	0	7	2	0	0	0	0	0	0	1	0	1	0	0	0	0	1	0	1	1	0	1	3	0	1	0	1	0	0	0	7	0	0	0	0	0	0	0	0	0	0	0	0	0	0	0	0	0	0	0	0	0	1	0	0	0	0	0	0	0	0	0	0	0	0	0	0	0	0	0	1	0	1	0	0	5	5	0	0	0	0	0	0	0	1	0	0	0	0	0	0	0	0	0	0	0
a421dd61a0a69ea04251206c9eb98966	1	9	1	7	0	0	0	0	19	2	2	0	7	0	0	1	2	0	1	1	0	0	0	3	2	1	1	2	1	0	0	0	0	3	0	0	0	3	1	0	0	1	1	1	0	0	0	0	0	0	0	0	0	0	0	0	0	0	3	2	0	0	0	0	0	0	1	2	0	0	0	0	0	0	0	0	0	1	0	0	0	1	0	0	1	0	0	0	0	0	0	0	0	0	0	0	1	1	0	0	0	0	0
a58d19f2258347dda60873bbac396474	1	25	0	6	0	0	0	0	14	0	0	0	5	1	3	0	2	0	3	1	0	0	0	1	0	1	1	0	1	10	0	4	1	1	1	0	0	3	2	0	0	0	0	0	0	0	0	0	0	0	0	0	0	0	0	0	0	1	3	1	0	0	0	0	0	0	0	1	0	0	0	0	0	1	0	1	0	1	0	1	0	0	0	1	0	0	0	0	0	0	0	1	0	0	0	0	1	1	0	0	0	0	0
a67e943adc20d5a5932ca238a2182fad	1	3	0	10	0	0	0	0	14	0	2	0	3	0	0	0	5	1	0	0	0	0	0	1	0	1	0	1	0	1	0	0	0	0	0	0	0	3	1	0	0	0	0	0	0	0	0	0	0	0	0	0	0	0	0	0	0	0	3	0	0	0	0	0	0	0	0	0	0	0	0	0	0	0	0	0	0	1	0	0	0	1	0	3	5	0	0	0	0	0	0	0	0	4	0	0	0	2	0	0	0	0	0
a6f5ae654d5e618b8eb80c92c7578ab0	1	1	0	7	0	0	0	0	14	1	0	0	2	0	0	0	0	0	1	0	0	0	0	1	0	1	0	1	0	0	0	0	0	0	0	0	0	2	1	0	0	0	1	0	0	0	0	0	0	0	0	0	0	0	0	0	0	0	1	1	0	0	0	0	0	0	0	1	0	0	0	0	0	0	0	0	0	1	0	2	0	0	0	0	1	0	0	0	0	0	0	0	0	0	0	0	1	1	0	0	0	0	0
a9a7d8533b3a0d5c3068946116c61015	0	1	0	11	0	0	0	0	11	0	0	0	0	0	0	0	2	0	1	0	0	0	0	1	2	1	0	0	2	3	0	1	0	0	1	0	0	4	0	0	0	0	0	0	0	0	0	0	0	0	0	0	0	0	0	0	0	0	0	0	0	0	0	1	0	0	0	0	0	0	0	0	0	0	0	1	0	1	1	1	0	0	8	4	0	0	0	0	0	0	0	0	0	0	0	0	0	0	0	0	0	0	0
aa501ef5fc2ed1d6af385b5494a0d908	1	10	0	3	0	0	0	0	13	0	2	0	5	0	0	0	1	0	1	0	0	0	0	1	1	1	1	1	1	2	0	0	0	0	1	0	0	4	1	0	0	0	1	0	0	0	0	0	0	0	0	0	0	0	0	0	0	0	3	0	0	0	0	0	0	0	1	0	0	0	0	1	0	0	0	1	0	2	0	0	0	0	2	2	1	0	0	0	0	0	0	0	0	0	1	0	0	1	0	0	0	0	0
aabae8764985e344cec4f95cd08a9808	1	7	1	10	0	0	0	0	12	6	0	0	7	0	0	0	0	0	0	0	0	0	0	1	11	1	0	1	0	1	0	0	0	0	2	0	0	1	2	0	0	1	0	1	0	0	0	0	0	0	0	0	0	0	0	0	0	0	0	0	0	0	0	0	0	0	0	0	0	0	0	0	10	0	0	1	0	1	0	2	0	0	0	2	1	0	0	0	0	0	0	0	0	0	0	0	1	1	0	0	0	0	0
abe63b27da9691ccd6621e08f400e2f6	1	1	0	3	0	0	0	0	9	0	0	1	2	1	0	0	0	0	2	0	0	1	0	0	1	0	0	0	0	5	0	0	0	2	0	0	1	0	1	0	0	0	0	0	0	0	0	0	0	0	0	0	0	0	0	0	0	0	0	0	0	0	0	0	0	0	0	0	0	0	0	0	0	0	0	1	0	2	1	1	0	0	0	0	0	0	0	0	0	0	0	0	1	0	0	0	0	0	0	0	0	0	0
ada5f1e8b0eaee10af2299b59659d0e2	1	3	0	10	0	0	0	0	9	0	0	0	2	1	1	0	1	0	2	0	0	0	0	1	0	1	1	0	0	0	0	0	0	0	1	0	1	3	1	0	0	2	1	0	0	0	0	0	0	0	0	0	0	0	0	0	0	0	3	0	0	0	0	0	0	0	0	0	0	0	0	0	0	0	0	1	0	1	0	0	0	0	0	0	1	0	0	0	0	0	0	0	0	0	0	0	0	0	0	0	0	0	0
b0859746063161c5bab09269ec09aad7	1	13	0	12	0	0	0	0	11	0	0	0	3	0	0	0	5	0	1	0	0	0	0	1	0	1	0	1	1	1	0	3	0	3	1	0	0	4	1	0	0	1	0	0	0	0	0	0	0	0	0	0	0	0	0	0	0	0	3	1	0	0	0	0	0	0	1	1	0	0	0	0	0	0	0	1	0	1	0	3	0	1	0	1	2	0	0	0	0	0	0	0	0	0	0	0	0	1	0	0	0	0	0
b5a13d37af966c1832232ef71cfc14eb	1	1	0	2	0	0	0	0	10	0	1	0	2	0	0	0	1	0	0	0	0	0	0	1	2	1	1	0	0	0	0	0	0	0	0	0	0	3	1	0	0	0	0	0	0	0	0	0	0	0	0	0	0	0	0	0	0	0	3	0	0	0	0	0	0	0	1	0	0	0	0	0	0	0	0	0	0	1	0	1	0	1	0	1	1	0	0	0	0	0	0	0	0	0	0	0	0	1	0	0	0	0	0
b717fd5dba4e13ff03c28eb998500388	0	17	0	12	0	0	0	0	9	0	0	0	3	0	0	0	1	0	2	0	0	0	0	1	0	1	1	0	1	13	0	8	0	3	1	0	0	3	0	0	1	1	0	0	0	0	0	0	0	0	0	0	0	0	0	0	0	0	0	0	0	0	0	1	0	0	0	0	0	0	1	0	0	0	0	0	0	1	0	1	0	0	5	5	0	0	0	0	0	0	0	3	0	0	0	0	0	0	0	0	0	0	0
b7e3cbdc8821ff5c4994d083bd975983	1	72	0	11	0	0	0	0	20	0	0	0	7	0	0	0	2	1	1	2	0	0	0	2	1	1	0	0	1	26	0	3	2	2	2	0	0	3	2	0	0	0	0	0	0	0	0	0	0	0	0	0	0	1	0	0	0	2	3	1	0	0	0	0	0	0	0	1	0	0	0	0	0	0	0	1	0	1	3	2	0	0	1	4	2	0	0	0	0	0	0	0	4	0	0	0	1	2	0	0	0	0	0
b8e5d7a3b28fb76e4302cca4b35dc56a	1	7	0	9	0	0	0	0	7	1	0	0	3	0	0	0	1	0	1	0	0	0	0	2	0	1	1	0	0	0	0	0	0	0	1	0	0	3	1	0	0	0	0	0	0	0	0	0	0	0	0	0	0	0	0	0	0	0	3	0	0	0	0	0	0	0	0	0	0	0	0	0	0	0	0	1	0	1	4	2	0	1	0	1	1	0	0	0	1	0	0	2	4	0	0	0	0	0	0	0	0	0	0
b9d3591b75478ee26648a5398c347a00	1	14	0	4	0	0	0	0	21	1	0	0	1	0	0	1	0	0	0	0	0	0	0	0	6	1	0	1	0	1	0	0	0	0	0	0	0	2	1	0	0	1	1	0	0	0	0	0	0	0	0	0	0	0	0	0	0	0	0	0	0	0	0	0	0	0	0	0	0	0	0	0	0	0	0	0	0	1	2	1	0	0	0	7	2	0	0	0	0	0	0	0	2	0	0	0	1	1	0	0	0	0	0
bca692d893862783b35583d1ad1b2aa9	1	0	0	1	0	0	0	0	6	0	0	0	0	0	0	0	2	0	1	0	0	0	0	1	0	1	0	1	0	0	0	0	0	0	0	0	0	3	0	0	0	0	0	0	0	0	0	0	0	0	0	0	0	0	0	0	0	0	0	0	0	0	0	0	0	0	0	0	0	0	0	0	0	0	0	0	0	1	0	0	0	1	0	0	0	0	0	0	0	0	0	0	0	0	0	0	0	1	0	0	0	0	0
bccb352d9e3c2d1bb0420bdd59decc91	1	2	0	8	0	0	0	0	11	1	0	1	2	1	0	0	3	0	3	0	0	1	0	1	0	0	0	0	0	18	0	0	0	0	0	0	1	1	1	0	0	0	0	0	0	0	0	0	0	0	0	0	0	0	0	0	0	0	0	0	0	0	0	0	0	0	0	0	0	0	0	0	0	0	0	2	0	1	0	4	1	3	0	0	0	0	0	0	0	0	0	0	0	0	0	0	0	0	0	0	0	0	2
c17b47df7c288ba4b44d11e3b2a38ce0	1	0	0	2	0	0	0	0	10	0	0	1	2	1	0	0	2	0	4	0	0	1	0	2	0	0	0	0	0	3	0	0	0	1	0	0	1	2	1	0	0	0	0	0	0	0	0	0	0	0	0	0	0	0	0	0	0	0	0	0	0	1	0	0	0	0	0	0	0	0	0	0	0	0	0	1	0	2	0	3	0	0	0	3	0	0	0	0	0	0	0	0	0	2	0	0	0	0	0	0	0	0	0
c18b080b44c8c1f605f80dc0659bd0b8	1	8	0	12	0	0	0	0	11	0	7	0	7	0	0	0	3	0	1	2	0	0	0	2	0	1	0	1	0	0	0	0	0	0	0	0	0	3	1	0	0	0	0	0	0	0	0	0	0	0	0	0	0	0	0	0	0	1	3	0	0	0	0	0	0	0	1	0	0	0	0	0	0	0	0	0	0	1	0	0	0	1	0	6	1	0	0	0	0	0	0	0	0	0	0	0	0	1	0	0	0	0	0
c27bbdd78dfef5044984a72f8b76c8b5	1	3	0	9	0	0	0	0	15	2	0	1	2	1	0	0	3	0	2	0	0	1	0	2	0	0	0	0	0	4	0	0	0	0	0	0	1	3	1	0	0	1	0	0	0	0	0	0	0	0	0	0	0	0	0	0	0	0	0	0	0	0	0	0	0	0	0	0	0	0	0	0	0	0	0	2	0	1	0	3	1	2	0	3	1	0	0	0	0	3	0	0	0	0	0	0	0	0	0	0	0	0	2
c2a137a3871ed60a0ec801c7de192f07	1	36	0	7	0	0	0	0	13	0	0	0	6	0	0	0	2	0	1	0	0	0	0	2	1	1	0	0	1	10	0	0	0	2	1	0	0	4	2	0	0	0	0	0	0	0	0	0	0	0	0	0	0	1	0	0	0	0	2	1	0	0	0	0	0	0	0	1	0	0	0	0	0	0	0	1	0	1	0	1	0	0	0	1	0	0	0	0	0	2	0	0	0	0	0	0	0	4	0	0	0	0	0
c2b7a9a05a9a71d8285e176a042e6174	1	2	0	7	0	0	0	0	6	0	0	0	2	0	0	2	1	0	2	0	0	0	0	1	0	1	0	0	0	2	0	0	0	1	0	0	0	4	1	0	0	1	0	0	0	0	0	0	0	0	0	0	0	0	0	0	0	0	0	0	0	0	0	1	0	0	1	0	0	0	0	0	0	0	0	0	0	1	0	1	0	0	0	0	0	0	0	0	0	0	0	2	0	0	0	0	0	0	0	0	0	0	0
c382670a7de7623979abb33936306d04	1	6	1	6	0	0	0	0	16	0	3	0	4	0	0	0	1	0	1	0	0	0	0	2	1	1	1	1	1	1	0	0	0	0	0	0	0	3	1	0	0	1	1	1	0	0	0	0	0	0	0	0	0	0	0	0	0	0	3	0	0	0	0	0	1	0	0	0	0	0	0	0	0	0	0	0	0	1	0	1	0	0	0	0	1	0	0	0	0	0	0	0	0	0	0	0	0	1	0	0	0	0	0
c5f45a6fc4ed781f5123243177f7be0b	1	9	0	10	0	0	0	0	10	0	0	0	3	0	0	0	1	0	1	0	0	0	0	3	0	1	0	1	0	2	0	1	0	3	3	0	0	3	1	0	0	0	0	0	0	0	0	0	0	0	0	0	0	0	0	0	0	0	0	0	0	0	0	1	0	0	0	0	0	0	0	0	0	0	0	1	0	0	1	3	0	2	2	2	3	0	0	0	2	0	0	0	1	0	1	0	0	1	0	0	0	0	0
cc707ff76b4679481e7defc787c8f098	1	5	0	14	0	0	0	0	18	1	0	0	0	0	0	0	2	0	2	0	0	0	0	1	2	1	0	1	1	1	0	0	0	0	0	0	0	3	1	0	0	0	1	0	0	0	0	0	0	0	0	0	0	0	0	0	0	0	0	0	0	0	0	0	0	0	0	0	0	0	0	0	26	0	0	1	0	1	0	3	0	0	0	3	1	0	1	0	0	0	0	0	0	0	0	0	0	1	0	0	0	0	0
cd86fa5eabb24e630bf1602158bfb493	2	61	0	5	0	0	0	0	18	1	0	0	5	0	0	0	2	0	1	7	0	0	0	2	2	1	1	0	1	20	0	0	7	4	2	0	0	3	2	0	0	0	1	0	0	0	0	0	0	0	0	0	0	2	0	0	0	2	3	0	0	0	0	0	0	0	0	0	0	0	0	0	0	0	0	1	0	1	0	3	0	0	1	1	2	0	0	0	0	1	0	1	0	0	0	0	2	2	0	0	0	0	0
cf006f6275d9d4d7167840f6ee8764b6	1	9	0	10	0	0	0	0	8	0	3	0	5	0	0	1	2	0	2	0	0	0	0	1	0	1	0	1	1	3	0	0	0	0	1	0	0	3	1	0	0	1	0	0	0	0	0	0	0	0	0	0	0	0	0	0	0	0	3	0	0	0	0	0	0	0	1	0	0	0	0	1	0	0	0	1	0	1	0	1	0	1	0	0	0	0	0	0	0	0	0	0	0	0	0	0	0	1	0	0	0	0	0
d1d5ca5c847cf715535e131efa82240a	1	1	0	8	0	0	0	0	10	0	0	1	2	1	0	0	3	0	2	0	0	1	0	2	0	0	0	0	0	4	0	0	0	1	0	0	1	3	1	0	0	0	0	0	0	0	0	0	0	0	0	0	0	0	0	0	0	0	0	1	0	1	0	0	0	0	0	1	0	0	0	0	0	0	0	1	0	2	0	2	1	0	0	0	5	0	0	0	0	0	0	0	0	1	0	0	0	0	0	0	0	0	2
d2f8c9c9d7fc71cc0f5ae4c505ae7c25	1	49	0	9	0	0	0	0	18	8	0	0	2	0	2	0	4	0	2	1	0	0	0	1	5	1	0	0	1	14	0	4	1	4	1	0	0	3	3	0	0	0	1	0	0	0	0	0	0	0	0	0	0	0	0	0	0	2	3	2	0	0	0	0	0	0	0	2	0	0	0	0	0	0	0	1	0	1	1	1	0	0	1	1	3	0	0	0	0	1	0	1	0	0	0	0	1	1	0	0	0	0	0
d343c802765e689acdc81aa786f1c3be	1	2	0	6	0	0	0	0	6	0	0	0	5	1	0	0	0	0	1	0	0	0	0	1	0	1	0	0	0	2	0	0	0	0	0	0	0	2	0	0	0	0	1	2	0	0	0	0	0	0	0	0	0	0	0	0	0	0	2	0	0	0	0	0	0	0	0	0	0	0	0	0	0	0	0	0	0	1	0	1	1	0	0	0	1	0	0	0	0	0	0	0	0	0	0	0	0	0	0	0	0	0	0
d34d61c76b63afc7712dd989fb5c3c53	0	0	0	3	0	0	0	0	11	0	0	1	1	1	0	0	1	0	2	0	0	1	0	0	0	0	0	0	0	4	0	0	0	0	0	0	1	1	0	0	0	1	0	0	0	0	0	0	0	0	0	0	0	0	0	0	0	0	0	0	0	0	0	0	0	0	0	0	0	0	0	0	0	0	0	0	0	0	1	3	1	0	0	0	0	0	0	0	0	0	0	0	1	0	0	0	0	0	0	0	0	0	0
d47772d49c5f29cadbf7dedd8d94ae4d	1	53	0	18	0	0	0	0	11	3	2	0	8	0	1	0	6	1	1	1	0	0	0	2	1	1	0	0	1	4	0	2	0	6	1	0	0	2	1	0	1	0	1	0	0	0	0	0	0	0	0	0	0	2	0	0	0	1	3	0	0	0	0	0	0	0	0	0	0	0	0	1	0	0	0	1	0	1	0	2	0	1	0	2	2	0	0	0	0	1	0	0	0	1	0	0	0	2	0	0	0	0	0
d559edf4b5ec905cc77eeecb46a8121f	1	7	0	7	0	0	0	0	9	0	0	0	1	0	0	1	1	0	2	0	0	0	0	2	0	1	0	0	0	1	0	0	0	1	0	0	0	3	1	0	1	1	0	0	0	0	0	0	0	0	0	0	0	0	0	0	0	0	0	0	0	0	0	1	0	0	0	0	0	0	0	0	0	0	0	0	0	1	0	0	0	1	0	1	2	0	0	0	0	0	0	1	0	0	0	0	0	0	0	0	0	0	0
d70d949877bcaa888863c99f88b9766f	1	7	1	6	0	0	0	0	21	0	1	0	4	0	0	0	1	0	1	0	0	0	0	2	0	1	1	1	1	2	0	0	0	0	0	0	0	2	1	0	1	1	1	1	0	0	0	0	0	0	0	0	0	0	0	0	0	0	3	2	0	0	0	0	1	0	1	2	0	0	0	0	0	0	0	0	0	1	0	1	0	0	0	1	1	0	0	0	0	0	0	0	0	0	0	0	0	1	0	0	0	0	0
d89c7e6c587a8cbb2e52309f96a5f5b9	1	2	0	4	0	0	0	0	6	0	0	1	4	1	0	0	2	0	2	0	0	1	0	0	1	0	0	0	0	6	0	0	0	1	0	0	1	2	1	0	0	1	0	0	0	0	0	0	0	0	0	0	0	0	0	0	0	0	0	0	0	0	0	0	0	0	0	0	0	0	0	0	0	0	0	1	0	0	0	1	1	0	0	0	0	0	0	0	0	0	0	0	0	0	0	0	0	0	0	0	0	0	0
dc913db2b6166ea3d7c80cc5180b9bdb	1	4	0	6	0	0	0	0	8	0	0	0	1	0	1	0	1	0	0	0	0	0	0	1	2	1	1	0	0	3	0	0	0	1	1	0	0	2	0	0	0	0	0	0	0	0	0	0	0	0	0	0	0	0	0	0	0	0	0	0	0	0	0	0	0	0	0	0	0	0	0	0	0	0	0	0	0	0	2	4	0	0	5	0	0	0	0	0	0	0	0	0	1	0	0	0	0	0	0	0	0	0	0
dda09a917b2488376b4f5bf97911e9f6	1	5	0	10	0	0	0	0	10	0	0	0	2	0	1	0	4	0	1	0	0	0	0	2	0	1	1	0	0	2	0	0	0	0	0	0	0	4	1	0	0	1	0	0	0	0	0	0	0	0	0	0	0	0	0	0	0	0	0	0	0	0	0	1	0	0	0	0	0	0	0	0	0	0	0	1	0	1	0	1	1	1	4	1	0	0	0	0	1	1	0	2	0	0	0	0	0	0	0	0	0	0	0
ddd246e02ed60a5e78e01e9f51c498ce	1	16	0	7	0	0	0	0	19	1	0	0	4	0	0	0	0	1	3	0	0	0	0	1	0	1	0	1	0	2	0	0	0	0	0	0	0	5	1	0	0	0	1	0	0	0	0	0	0	0	0	0	0	0	0	0	0	1	1	2	0	0	0	0	0	0	0	2	0	0	0	0	0	0	0	0	0	1	0	4	0	0	0	4	2	0	0	0	0	0	0	0	0	0	0	0	0	1	0	0	0	0	0
ddd9947a2ebe4b2989b5398c10b9b6a6	1	4	0	4	0	0	0	0	11	0	0	0	3	0	0	0	1	0	1	0	0	0	0	1	0	1	0	0	0	0	0	0	0	1	0	0	0	3	1	0	0	0	0	0	0	0	0	0	0	0	0	0	0	0	0	0	0	0	3	0	0	0	0	0	0	0	1	0	0	0	1	0	0	0	0	0	0	2	0	0	0	1	0	1	1	0	0	0	0	0	0	0	0	3	0	0	0	0	0	0	0	0	0
de3621c7d48521baa14f0491ef441d5a	1	8	0	5	0	0	0	0	14	0	0	0	1	0	0	0	1	0	1	0	0	0	0	1	1	1	1	0	1	1	0	2	0	1	1	0	0	3	2	0	0	0	0	0	0	0	0	0	0	0	0	0	0	0	0	0	0	0	3	0	0	0	0	0	0	0	0	0	0	0	0	0	0	0	0	0	0	1	0	1	0	0	1	1	0	0	0	0	0	0	0	2	0	0	0	0	0	0	0	0	0	0	0
df67935c32f794ca6756b2821d08f294	1	0	0	2	0	0	0	0	8	0	0	1	1	1	0	0	0	0	2	0	0	1	0	0	0	0	0	0	0	2	0	0	0	3	0	0	1	0	0	0	0	0	0	0	0	0	0	0	0	0	0	0	0	0	0	0	0	0	0	0	0	0	0	0	0	0	0	0	0	0	0	0	0	0	0	0	0	0	0	1	0	0	0	0	0	0	0	0	0	0	0	0	0	0	0	0	0	0	0	0	0	0	0
e52145608be04e7de2f683f85fa1216a	1	57	1	11	0	0	0	0	12	1	0	0	8	0	1	0	1	0	1	1	0	0	0	1	0	1	2	0	1	15	0	1	1	3	0	0	0	3	1	0	0	0	0	0	0	0	0	0	0	0	0	0	0	1	0	0	0	0	0	1	0	0	0	0	0	0	1	1	0	0	0	0	0	0	0	1	0	1	0	1	0	0	1	5	1	0	0	0	0	1	0	0	0	0	0	0	0	1	0	0	0	0	0
e53ced98a49a658f7644de3a54156721	1	4	1	10	0	0	0	0	10	1	0	0	2	1	1	0	1	0	2	0	0	0	0	2	2	1	0	2	1	3	0	0	0	0	2	0	0	3	1	0	0	0	0	0	0	0	0	0	0	0	0	0	0	0	0	0	0	0	0	0	0	0	0	0	0	0	1	0	0	0	0	0	2	0	0	1	0	1	0	2	0	1	0	0	0	0	0	0	0	1	0	0	0	0	0	0	0	1	0	0	0	0	0
e6e98c0e40d6c1b94c1626cf05dded83	1	0	0	4	0	0	0	0	11	0	0	0	3	0	0	0	1	0	2	0	0	0	0	1	0	1	0	0	1	1	0	0	0	0	0	0	0	1	1	0	0	0	0	0	0	0	0	0	0	0	0	0	0	0	0	0	0	0	0	0	0	0	0	0	0	0	0	0	0	0	0	0	0	0	0	0	0	1	1	1	0	0	4	2	0	0	0	0	0	0	0	0	1	0	0	0	0	0	0	0	0	0	0
e7f94a594ab5ce628c571e2c6b7cc493	1	3	0	8	0	0	0	0	9	0	0	0	2	1	0	0	1	0	1	0	0	0	0	1	0	1	0	0	0	2	0	0	0	1	0	0	0	3	1	0	0	0	0	2	0	0	0	0	1	0	0	0	0	0	0	0	0	0	0	1	0	0	0	0	0	0	0	1	0	0	0	0	0	0	0	1	0	1	1	1	1	2	0	1	0	0	0	0	0	0	0	0	0	0	1	0	0	0	0	0	0	0	2
ea3be84443cd3d551ab12ddca478cb08	1	9	0	7	0	0	0	0	12	0	0	0	3	0	0	0	1	0	2	0	0	0	0	0	0	1	0	0	1	1	0	11	0	1	1	0	0	6	1	0	0	0	0	0	0	0	0	0	0	0	0	0	0	0	0	0	0	0	0	0	0	0	0	1	0	0	0	0	0	0	0	0	0	0	0	0	0	1	0	3	0	0	2	1	0	0	0	0	1	0	0	1	0	0	0	0	0	0	0	0	0	0	0
ec8562266bc10a68c52bbba7a1e45bf8	1	16	0	6	0	0	0	0	16	0	0	0	1	0	0	0	0	0	1	0	0	0	0	1	3	1	1	1	1	10	0	0	0	2	1	0	0	3	2	0	0	0	1	0	0	0	0	0	0	0	0	0	0	0	0	0	0	0	3	0	0	0	0	0	0	0	0	0	0	0	0	0	0	0	0	0	0	1	1	1	0	0	1	1	1	0	0	0	0	1	0	2	1	0	0	0	0	1	0	0	1	0	0
f0b9472251aa6c3ae3d242526e1a0a82	1	2	0	4	0	0	0	0	11	0	0	0	9	0	1	0	1	0	1	1	0	0	0	1	0	1	1	0	1	0	0	0	0	0	0	0	0	1	1	0	0	1	0	5	0	0	0	0	1	0	0	0	0	0	0	0	0	0	1	1	0	0	0	0	0	0	0	1	0	0	0	0	0	0	0	0	0	1	0	0	0	0	0	1	3	0	0	0	0	0	0	0	0	0	0	0	0	1	0	0	0	0	2
f3306aa0cf90440f17740e1b0eb66c04	1	0	0	6	0	0	0	0	10	0	0	1	1	1	0	0	2	0	4	0	0	1	0	2	0	0	0	0	0	3	0	0	0	0	0	0	1	5	1	0	0	0	0	0	0	0	0	0	0	0	0	0	0	0	0	0	0	0	0	1	0	1	0	0	0	0	0	1	0	0	0	0	0	0	0	0	0	2	0	2	1	1	0	0	0	0	0	0	0	0	0	0	0	1	0	0	0	0	0	0	0	0	0
f7577ab0769cd3ae6a59302b3f44c485	1	0	0	3	0	0	0	0	10	0	0	1	2	1	0	0	0	0	3	0	0	1	0	2	0	0	0	0	0	4	0	0	0	0	0	0	0	3	1	0	0	0	0	0	0	0	0	0	0	0	0	0	0	1	0	0	0	0	0	0	0	0	0	0	0	0	0	0	0	0	0	0	0	0	0	2	0	1	0	2	1	2	0	1	0	0	0	0	0	0	0	0	0	0	0	0	0	0	0	0	0	0	0
f75a0744aea7aa9425784ac49932d2f2	1	30	0	8	0	0	0	0	9	0	1	0	8	0	0	0	0	0	0	2	0	0	0	1	1	1	0	1	1	1	0	0	2	2	0	0	0	2	1	0	0	0	0	0	0	0	0	0	0	0	0	0	0	0	0	0	0	0	3	0	0	0	0	0	0	0	2	0	0	0	1	0	0	0	0	2	0	2	0	0	0	1	0	0	2	0	0	0	0	0	0	0	0	0	0	0	0	2	0	0	0	0	0
f8784bb5670fbab9330c9b4e66ef7b9f	1	0	0	5	0	0	0	0	9	0	0	1	1	1	0	0	2	0	3	0	0	1	0	1	0	0	0	0	0	3	0	0	0	1	0	0	1	1	1	0	0	0	0	0	0	0	0	0	0	0	0	0	0	0	0	0	0	0	0	1	0	1	0	0	0	0	0	0	0	0	0	0	0	0	0	0	0	2	0	2	1	1	0	1	0	0	0	0	0	0	0	0	0	0	0	0	0	0	0	0	0	0	0
f94aca17d40a3684a838eb2589c900a1	1	9	0	12	0	0	0	0	8	0	0	0	2	0	0	0	4	0	1	1	0	0	0	2	0	1	1	0	0	3	0	0	2	1	0	0	0	3	0	0	0	1	0	0	0	0	0	0	0	0	0	0	0	1	0	0	0	0	0	0	0	0	0	1	0	0	0	0	0	0	0	0	0	1	0	2	0	0	0	1	0	1	3	1	0	0	0	0	2	0	0	3	0	0	0	0	0	0	0	0	0	0	0
f9a13cb299a3060bdb59565d90604e2c	1	0	0	5	0	0	0	0	6	0	0	1	2	1	0	0	4	0	2	0	0	1	0	2	0	0	0	0	0	2	0	0	0	0	0	0	1	0	1	0	0	0	0	0	0	0	0	0	0	0	0	0	0	0	0	0	0	0	0	1	0	1	0	0	0	0	0	1	0	0	0	0	0	0	0	1	0	2	1	1	1	1	0	0	0	0	0	0	0	0	0	0	1	1	0	0	0	0	0	0	0	0	0
fd06c7f9182ea91ca5133e1df8ea3d84	1	26	0	7	0	0	0	0	12	0	0	0	5	0	0	0	4	0	1	1	0	0	0	2	4	1	0	0	1	5	0	0	1	3	1	0	0	4	3	0	0	0	0	2	0	0	0	0	0	0	0	0	0	1	0	0	0	0	2	0	0	0	0	0	0	0	0	0	0	0	0	0	0	0	0	1	0	1	0	4	0	0	0	1	4	0	0	0	0	0	0	3	0	0	0	0	1	1	0	0	0	0	0
fdb5ed5174adf3432926a432f9ff8beb	1	0	0	3	0	0	0	0	10	0	0	1	3	1	0	0	0	0	2	0	0	1	0	0	1	0	0	0	0	3	0	0	0	1	0	0	1	3	2	0	0	1	0	3	0	0	0	0	0	0	0	0	0	0	0	0	0	0	0	0	0	0	0	1	0	0	0	0	0	0	0	0	0	0	0	1	0	2	0	2	0	1	0	0	0	0	0	0	0	0	0	0	0	0	0	0	0	0	0	0	0	0	0
